<?xml version="1.0" encoding="UTF-8"?>
<!DOCTYPE mapper
        PUBLIC "-//mybatis.org//DTD Mapper 3.0//EN"
        "http://mybatis.org/dtd/mybatis-3-mapper.dtd">
<mapper namespace="com.xxs.dao.SysUserMapper">

    <cache/>

    <resultMap id="BaseResultMap" type="com.xxs.entity.SysUser">
        <id property="id" column="id" jdbcType="BIGINT"/>
        <result property="name" column="name" jdbcType="VARCHAR"/>
        <result property="password" column="password" jdbcType="VARCHAR"/>
        <result property="status" column="status" jdbcType="TINYINT"/>
        <result property="crtTime" column="crtTime" jdbcType="TIMESTAMP"/>
        <result property="uptTime" column="uptTime" jdbcType="TIMESTAMP"/>
    </resultMap>
    <insert id="addSysUser" parameterType="com.xxs.entity.SysUser" useGeneratedKeys="true" keyProperty="id">
        INSERT INTO sys_user(name, password, status)
        VALUES (#{sysUser.name},#{sysUser.password},#{sysUser.status})
    </insert>

    <update id="updateName">
        update sys_user set name = #{name} where id = #{id}
    </update>

    <select id="selectById" resultMap="BaseResultMap">
        select id, name, password, status, crtTime, uptTime
        from sys_user
        where id = #{id}
    </select>
</mapper>